Id,category,Label
nm0578572,actor,Asdrúbal Meléndez
nm0423663,actor,Tomisaburô Wakayama
nm0837420,actor,Bunta Sugawara
nm0001884,actor,Max von Sydow
nm0117505,actor,Radoslav Brzobohatý
nm0125909,actor,Rolan Bykov
nm0813463,actor,Anatoliy Solonitsyn
nm0096846,actor,Oleg Borisov
nm0023904,actor,Günther Amann
nm0464417,actor,Róbert Koltai
nm0000126,actor,Kevin Costner
nm0911285,actor,David Warbeck
nm0721073,actor,Fernando Rey
nm0211565,actor,Christian De Sica
nm0134073,actor,Enzo Cannavale
nm0398969,actor,Bruce Le
nm0156542,actor,Yi-Tao Chang
nm0686375,actor,Michele Placido
nm0904303,actor,Pavle Vuisic
nm0631877,actor,Dragan Nikolic
nm0831262,actor,Danilo 'Bata' Stojkovic
nm0156955,actor,David Chiang
nm0398944,actor,Hua Yueh
nm0157971,actor,Paul Chun
nm0398745,actor,Tien-Hsiang Lung
nm0401204,actor,Ricky Hui
nm0938975,actor,Carter Wong
nm0848903,actor,Tao-Liang Tan
nm0399007,actor,Jang-Lee Hwang
nm0000334,actor,Chow Yun-Fat
nm0891830,actor,Gonzalo Vega
nm0645327,actor,Manuel Ojeda
nm0862479,actor,Lung Ti
nm0174289,actor,Fabián Conde
nm0001283,actor,Louis Gossett Jr.
nm0504973,actor,Alex Man
nm0594226,actor,Kiu Wai Miu
nm0001866,actor,Bolo Yeung
nm0017062,actor,Mircea Albulescu
nm0712731,actor,Aldo Ray
nm0043934,actor,Miguel Ayones
nm0151655,actor,Chan-Peng Chang
nm0297143,actor,Sheng Fu
nm0514906,actor,Chia-Liang Liu
nm0537301,actor,Te-Lo Mai
nm0162502,actor,Luís Miguel Cintra
nm0798189,actor,Jorge Silva Melo
nm0497097,actor,Danny Lee
nm0284608,actor,Feng Tien
nm0387360,actor,Pak-Kwong Ho
nm0882972,actor,Lukás Vaculík
nm0229352,actor,Michal Dlouhý
nm0799108,actor,Armando Silvestre
nm0881809,actor,Orlando Urdaneta
nm0142983,actor,Francisco Casares
nm0576327,actor,Francisco Merino
nm0697514,actor,Barry Prima
nm0050966,actor,Mario Balmaseda
nm0525557,actor,Olgierd Lukaszewicz
nm0809681,actor,Reid Smith
nm0887695,actor,James Van Patten
nm0160865,actor,Norman Chu
nm0490492,actor,Tony Liu
nm0939429,actor,Jung Wang
nm0516327,actor,Meng Lo
nm0156982,actor,Sheng Chiang
nm0509600,actor,Li Wang
nm0523711,actor,Feng Lu
nm0151155,actor,Michael Wai-Man Chan
nm0035280,actor,Jean-Pierre Armand
nm0000885,actor,Ned Beatty
nm0000345,actor,Billy Crystal
nm0187337,actor,Bruno Cremer
nm0027984,actor,Péter Andorai
nm0595115,actor,W.D. Mochtar
nm0196801,actor,Antonio Eduardo Dagnino
nm0145030,actor,Carlos Castillo
nm0617307,actor,Hugo Márquez
nm0396355,actor,Germain Houde
nm0007069,actor,Pierre Richard
nm0599604,actor,Enrico Montesano
nm0302080,actor,Juan Luis Galiardo
nm0600120,actor,Ovidi Montllor
nm0718704,actor,Fermí Reixach
nm0449404,actor,Robert Kerman
nm0053230,actor,Luca Barbareschi
nm0305955,actor,Andrés García
nm0398703,actor,Rudolf Hrusínský
nm0436444,actor,Jerzy Kamas
nm0167388,actor,François Cluzet
nm0328020,actor,Agustín González
nm0768574,actor,José Sazatornil
nm0022264,actor,Rafael Alonso
nm0580853,actor,Ricardo Merino
nm0022765,actor,Héctor Alterio
nm0148992,actor,José Manuel Cervino
nm0385860,actor,Joaquín Hinojosa
nm0689260,actor,Luis Politti
nm0037274,actor,Miguel Arribas
nm0145061,actor,Eric del Castillo
nm0408600,actor,Pedro Infante Jr.
nm0059303,actor,Jirí Bartoska
nm0693140,actor,Ladislav Potmesil
nm0000024,actor,John Gielgud
nm0950757,actor,Wah Yuen
nm0000728,actor,Mario Adorf
nm0349427,actor,Emilio Gutiérrez Caba
nm0007023,actor,José Luis López Vázquez
nm0616385,actor,Chema Muñoz
nm0435726,actor,Jean-Pierre Kalfon
nm0388367,actor,Hoi Mang
nm0137728,actor,José Carlos Ruiz
nm0736035,actor,Milton Rodríguez
nm0463805,actor,Mikhail Kokshenov
nm0679466,actor,Jörg Pfennigwerth
nm0121007,actor,Eric Burdon
nm0953400,actor,Manuel Zarzo
nm0000901,actor,Jean-Paul Belmondo
nm0001428,actor,Klaus Kinski
nm0000172,actor,Harvey Keitel
nm0042800,actor,István Avar
nm0051880,actor,Lino Banfi
nm0899911,actor,Alvaro Vitali
nm0126549,actor,János Bán
nm0701633,actor,Antal Páger
nm0472166,actor,Jozef Kroner
nm0246150,actor,Armen Dzhigarkhanyan
nm0000009,actor,Richard Burton
nm0159258,actor,Cyril Cusack
nm0674742,actor,Jacques Perrin
nm0159037,actor,Elton Chong
nm0359154,actor,Eagle Han
nm0000329,actor,Jackie Chan
nm0839003,actor,Yueh Sun
nm0755364,actor,José Sacristán
nm0593848,actor,James Mitchum
nm0001017,actor,John Carradine
nm0615511,actor,Lautaro Murúa
nm0196327,actor,Mario Da Vinci
nm0196328,actor,Sal Da Vinci
nm0154110,actor,Anil Chatterjee
nm0031511,actor,Omero Antonutti
nm0845867,actor,Oleg Tabakov
nm0247642,actor,George Eastman
nm0040910,actor,Kiyoshi Atsumi
nm0122050,actor,Georgiy Burkov
nm0817881,actor,Bud Spencer
nm0408636,actor,Angelo Infanti
nm0148315,actor,Ramón Centenero
nm0082761,actor,Jerzy Binczycki
nm0704719,actor,Francisco Rabal
nm0681566,actor,Michel Piccoli
nm0004429,actor,Dharmendra
nm0159159,actor,Prem Chopra
nm0147983,actor,Adriano Celentano
nm0598720,actor,Renzo Montagnani
nm0350884,actor,Ernesto Gómez Cruz
nm0011553,actor,Jirí Adamíra
nm0008311,actor,Aleksandr Abdulov
nm0893872,actor,Carlo Verdone
nm0151005,actor,Lung Chan
nm0151080,actor,Sing Chen
nm0001472,actor,Jet Li
nm0438071,actor,Phillip Ko
nm0477231,actor,Phillip Chung-Fung Kwok
nm0787462,actor,Naseeruddin Shah
nm0324843,actor,Mohan Gokhale
nm0249982,actor,Eric Edwards
nm0129004,actor,Roger Caine
nm0748430,actor,Dave Ruby
nm0102522,actor,Petar Bozovic
nm0000367,actor,Gérard Depardieu
nm0922301,actor,Randy West
nm0476828,actor,Anatoliy Kuznetsov
nm0363615,actor,Raimund Harmstorf
nm0159027,actor,Billy Chong
nm0490623,actor,Dan Lau
nm0562056,actor,Martin May
nm0559752,actor,Dietrich Mattausch
nm0190691,actor,György Cserhalmi
nm0304839,actor,Dezsö Garas
nm0914113,actor,John Waters
nm0000986,actor,Bryan Brown
nm0402730,actor,Bill Hunter
nm0273178,actor,Fernando Fernán Gómez
nm0619938,actor,Tatsuya Nakadai
nm0700869,actor,Amrish Puri
nm0700875,actor,Om Puri
nm0785177,actor,Ahmad Tarmimi Serigar
nm0356448,actor,Dieter Hallervorden
nm0499718,actor,Manfred Lehmann
nm0001332,actor,Robert Hays
nm0000558,actor,Leslie Nielsen
nm0001233,actor,Robert Forster
nm0138405,actor,Jean Carmet
nm0608311,actor,Gastone Moschin
nm0000821,actor,Amitabh Bachchan
nm0451166,actor,Amjad Khan
nm0244884,actor,Utpal Dutt
nm0000142,actor,Clint Eastwood
nm0507212,actor,Geoffrey Lewis
nm0810342,actor,William Smith
nm0865575,actor,Ugo Tognazzi
nm0192685,actor,Giuseppe Curia
nm0007746,actor,Diego Abatantuono
nm0260330,actor,Luis Escobar
nm0001186,actor,Denholm Elliott
nm0008704,actor,Joe Abeywickrama
nm0399070,actor,Yue Wong
nm0155572,actor,Kang-Yeh Cheng
nm0004462,actor,Jean-Louis Trintignant
nm0105475,actor,Claude Brasseur
nm0473314,actor,Feng Ku
nm0001816,actor,Robert Vaughn
nm0362970,actor,John Hargreaves
nm0249892,actor,Paul Thomas
nm0538683,actor,Mako
nm0000434,actor,Mark Hamill
nm0001019,actor,Robert Carradine
nm0223738,actor,Bobby Di Cicco
nm0830153,actor,Hugo Stiglitz
nm0099560,actor,Max H. Boulois
nm0001765,actor,Harry Dean Stanton
nm0040173,actor,Bobby Astyr
nm0003501,actor,Jamie Gillis
nm0000004,actor,John Belushi
nm0000101,actor,Dan Aykroyd
nm0001006,actor,John Candy
nm0689990,actor,Bolek Polívka
nm0756940,actor,Gennady Sayfulin
nm0493738,actor,Evgeniy Lazarev
nm0000314,actor,Charles Bronson
nm0456124,actor,Bruno Kirby
nm0000596,actor,Jonathan Pryce
nm0000151,actor,Morgan Freeman
nm0793384,actor,Kien Shih
nm0176035,actor,George Constantin
nm0225216,actor,Ion Dichiseanu
nm0720029,actor,Alexandru Repan
nm0562210,actor,Antonio Mayans
nm0127656,actor,Antônio do Cabo
nm0000331,actor,Chevy Chase
nm0000195,actor,Bill Murray
nm0542063,actor,Nino Manfredi
nm0148041,actor,Adolfo Celi
nm0785664,actor,Michel Serrault
nm0301556,actor,Michel Galabru
nm0484376,actor,Alfredo Landa
nm0854177,actor,Manuel Tejada
nm0185504,actor,Gheorghe Cozorici
nm0000997,actor,Gary Busey
nm0529890,actor,Ricardo Palacios
nm0290628,actor,Pippo Franco
nm0093585,actor,Bombolo
nm0593192,actor,Cameron Mitchell
nm0002181,actor,Imanol Arias
nm0042104,actor,Michel Aumont
nm0656647,actor,Jason Piao Pai
nm0000164,actor,Anthony Hopkins
nm0001507,actor,Cheech Marin
nm0001045,actor,Tommy Chong
nm0031634,actor,Guillermo Antón
nm0155291,actor,Kuan Tai Chen
nm0538217,actor,Tamás Major
nm0720879,actor,Gábor Reviczky
nm0165316,actor,Erik Clausen
nm0843237,actor,Leif Sylvester
nm0000052,actor,Marcello Mastroianni
nm0000809,actor,Daniel Auteuil
nm0001016,actor,David Carradine
nm0394176,actor,Harold Hopkins
nm0951145,actor,Josema Yuste
nm0544432,actor,José Luis Manzano
nm0000377,actor,Richard Dreyfuss
nm0957372,actor,Velimir 'Bata' Zivojinovic
nm0470772,actor,Joaquín Kremel
nm0303918,actor,Antonio Gamero
nm0147721,actor,Francisco Cecilio
nm0834754,actor,Woody Strode
nm0481694,actor,Hon Chi Lai
nm0477071,actor,Hoi-San Kwan
nm0284613,actor,Yeh Fang
nm0562841,actor,Alfredo Mayo
nm0001421,actor,George Kennedy
nm0001077,actor,Richard Crenna
nm0541576,actor,Nick Mancuso
nm0000732,actor,Danny Aiello
nm0587401,actor,Tomas Milian
nm0207458,actor,Manuel de Blas
nm0688497,actor,Jean Poiret
nm0699909,actor,Jesús Puente
nm0001424,actor,Udo Kier
nm0784523,actor,Jean-Pierre Sentier
nm0001164,actor,Charles Durning
nm0304708,actor,Eddy Ko
nm0939251,actor,Melvin Wong
nm0004434,actor,Shashi Kapoor
nm0000686,actor,Christopher Walken
nm0000297,actor,Tom Berenger
nm0347218,actor,Fernando Guillén
nm0764450,actor,Jorge Sanz
nm0092482,actor,Dragomir Bojanic-Gidra
nm0802374,actor,Shatrughan Sinha
nm0001657,actor,Oliver Reed
nm0000323,actor,Michael Caine
nm0021193,actor,Fernando Allende
nm0050781,actor,Carlos Ballesteros
nm0004570,actor,Sunil Dutt
nm0417714,actor,Jankidas
nm0534501,actor,Madan Puri
nm0000457,actor,John Hurt
nm0307468,actor,Antonio Garisa
nm0516316,actor,Lieh Lo
nm0000148,actor,Harrison Ford
nm0001850,actor,Billy Dee Williams
nm0150774,actor,Danny Bak-Keung Chan
nm0002000,actor,Leslie Cheung
nm0490521,actor,Damian Lau
nm0004486,actor,Bruno Ganz
nm0016321,actor,Alban Ceray
nm0261681,actor,Fernando Esteso
nm0654843,actor,Antonio Ozores
nm0956402,actor,Damouré Zika
nm0504126,actor,John Leslie
nm0320180,actor,Robert Ginty
nm0416944,actor,Steve James
nm0859772,actor,Tim Thomerson
nm0369136,actor,Hou Hsiao
nm0910979,actor,Lung-Wei Wang
nm0897715,actor,Paolo Villaggio
nm0714805,actor,Gigi Reder
nm0612219,actor,Paul Muller
nm0000465,actor,Ron Jeremy
nm0001123,actor,Dom DeLuise
nm0157785,actor,Siu-Ho Chin
nm0140649,actor,Mathieu Carrière
nm0004365,actor,Fred Williamson
nm0276410,actor,Wolfgang Fierek
nm0433495,actor,Ernst-Hugo Järegård
nm0950751,actor,Shun-Yee Yuen
nm0000008,actor,Marlon Brando
nm0002002,actor,Shin'ichi Chiba
nm0080173,actor,Master Bhagwan
nm0891755,actor,Hans Veerman
nm0729473,actor,Jorge Rivero
nm0721044,actor,Bruno Rey
nm0953881,actor,Alfonso Zayas
nm0896189,actor,Jorge Victoria
nm0000598,actor,Dennis Quaid
nm0333179,actor,Andrzej Grabarczyk
nm0155593,actor,Lawrence Cheng
nm0150850,actor,Pak-Cheung Chan
nm0273193,actor,Tino Fernández
nm0616392,actor,David Muñoz
nm0005033,actor,Sammo Kam-Bo Hung
nm0161213,actor,Fat Chung
nm0398987,actor,Ha Huang
nm0482580,actor,Ching-Ying Lam
nm0438501,actor,Rishi Kapoor
nm0710211,actor,Ranjeet
nm0949069,actor,Hidetaka Yoshioka
nm0001588,actor,Jack Palance
nm0621987,actor,Ali Nassirian
nm0258168,actor,Ezzatolah Entezami
nm0480099,actor,Stephen Lack
nm0199325,actor,Lawrence Dane
nm0000560,actor,Nick Nolte
nm0001334,actor,John Heard
nm0788829,actor,Ray Sharkey
nm0001434,actor,Kris Kristofferson
nm0001832,actor,Sam Waterston
nm0315917,actor,Rabi Ghosh
nm0154164,actor,Soumitra Chatterjee
nm0637508,actor,Zachi Noy
nm0000615,actor,John Ritter
nm0126960,actor,José Bódalo
nm0000299,actor,Michael Biehn
nm0711014,actor,Tony Rosato
nm0255544,actor,Xabier Elorriaga
nm0896446,actor,Walter Vidarte
nm0000527,actor,Walter Matthau
nm0545383,actor,Guy Marchand
nm0149822,actor,Mithun Chakraborty
nm0514904,actor,Chia-Hui Liu
nm0000996,actor,LeVar Burton
nm0439409,actor,Tõnu Kark
nm0001967,actor,Peter Boyle
nm0001640,actor,Richard Pryor
nm0044796,actor,Raj Babbar
nm0001698,actor,John Savage
nm0173354,actor,Coluche
nm0347453,actor,Julien Guiomar
nm0001831,actor,David Warner
nm0000140,actor,Michael Douglas
nm0001301,actor,Charles Grodin
nm0661118,actor,Mario Pardo
nm0162223,actor,Luis Ciges
nm0599640,actor,Guillermo Montesinos
nm0000059,actor,Laurence Olivier
nm0002010,actor,Christian Clavier
nm0155532,actor,Adam Cheng
nm0047016,actor,Ying Bai
nm0155587,actor,Kent Cheng
nm0066223,actor,Kenny Bee
nm0150796,actor,Anthony Chan
nm0415777,actor,Ka-Yan Leung
nm0151866,actor,Yi Chang
nm0628704,actor,Jinpachi Nezu
nm0451425,actor,Kulbhushan Kharbanda
nm0000638,actor,William Shatner
nm0002157,actor,Herbert Achternbusch
nm0081547,actor,Josef Bierbichler
nm0150527,actor,Krzysztof Chamiec
nm0952442,actor,Tomasz Zaliwski
nm0943138,actor,Wu Ma
nm0150844,actor,Sung-Young Chen
nm0337167,actor,Albino Graziani
nm0534508,actor,József Madaras
nm0894677,actor,Howard Vernon
nm0451211,actor,Feroz Khan
nm0161892,actor,Gianni Ciardo
nm0657004,actor,Andrés Pajares
nm0714359,actor,Antonio Rebollo
nm0582074,actor,Marco Messeri
nm0001364,actor,Bob Hoskins
nm0005078,actor,Stacy Keach
nm0001215,actor,Albert Finney
nm0471771,actor,Miodrag Krivokapic
nm0226699,actor,Bogdan Diklic
nm0626259,actor,Franco Nero
nm0711501,actor,Ivan Rassimov
nm0818874,actor,Joe Spinell
nm0001394,actor,Derek Jacobi
nm0191288,actor,Víctor Cuica
nm0760640,actor,Enrique San Francisco
nm0001592,actor,Joe Pantoliano
nm0001917,actor,Pedro Armendáriz Jr.
nm0494432,actor,Paul Le Mat
nm0618389,actor,Marius Müller-Westernhagen
nm0794827,actor,Kuan-Hsiung Wang
nm0266649,actor,Yat Fan Lau
nm0588553,actor,Jason Miller
nm0281130,actor,Ed Flanders
nm0000661,actor,Donald Sutherland
nm0001812,actor,Lee Van Cleef
nm0734000,actor,Jean Rochefort
nm0487025,actor,Vasiliy Lanovoy
nm0950881,actor,Georgiy Yumatov
nm0314048,actor,Evgeniy Gerasimov
nm0229415,actor,Mariusz Dmochowski
nm0331724,actor,Vladimir Gostyukhin
nm0634159,actor,Philippe Noiret
nm0001800,actor,Rip Torn
nm0000459,actor,Timothy Hutton
nm0793726,actor,Masami Shimojô
nm0535332,actor,Gin Maeda
nm0718829,actor,Miguel Rellán
nm0000454,actor,Dennis Hopper
nm0669813,actor,Franciszek Pieczka
nm0761420,actor,Otto Sander
nm0597517,actor,Dan Monahan
nm0524230,actor,Luís Lucas
nm0246822,actor,Diogo Dória
nm0892358,actor,Carles Velat
nm0529645,actor,Philippe Léotard
nm0119725,actor,István Bujtor
nm0449431,actor,András Kern
nm0126559,actor,László Bánhidi
nm0361570,actor,Jaromír Hanzlík
nm0000134,actor,Robert De Niro
nm0000582,actor,Joe Pesci
nm0898634,actor,Frank Vincent
nm0129590,actor,Arturo Calderón
nm0562583,actor,Héctor Mayerston
nm0352278,actor,Matthias Habich
nm0001445,actor,Martin Landau
nm0873385,actor,Massimo Troisi
nm0034253,actor,Lello Arena
nm0467478,actor,Petr Kostka
nm0000608,actor,Burt Reynolds
nm0000057,actor,David Niven
nm0001662,actor,Judge Reinhold
nm0646037,actor,Daniel Olbrychski
nm0631102,actor,Leon Niemczyk
nm0196181,actor,Pepe Da Rosa
nm0304227,actor,Paco Gandía
nm0034390,actor,Niels Arestrup
nm0702666,actor,Ching Wong
nm0152054,actor,Roy Chiao
nm0950707,actor,Biao Yuen
nm0000197,actor,Jack Nicholson
nm0793731,actor,Shirô Shimomoto
nm0868139,actor,Pierre Tornade
nm0256387,actor,Michael Emil
nm0001276,actor,Jackie Gleason
nm0715274,actor,Jerry Reed
nm0001659,actor,Christopher Reeve
nm0694843,actor,Renato Pozzetto
nm0001638,actor,Jürgen Prochnow
nm0464710,actor,Boris Komnenic
nm0434330,actor,Erol Kadic
nm0324698,actor,Ignacy Gogolewski
nm0002231,actor,Gian Maria Volontè
nm0000698,actor,Gene Wilder
nm0515030,actor,Wai-Hung Liu
nm0706883,actor,Steve Railsback
nm0000432,actor,Gene Hackman
nm0718759,actor,Winston Rekert
nm0351576,actor,Ernst Günther
nm0959717,actor,Lasse Åberg
nm0804605,actor,Jon Skolmen
nm0655330,actor,Richard Pacheco
nm0415556,actor,Jagdeep
nm0080445,actor,Bharat Bhushan
nm0151539,actor,Chandrashekhar
nm0002094,actor,Vittorio Gassman
nm0379678,actor,Rafael Hernández
nm0000125,actor,Sean Connery
nm0000092,actor,John Cleese
nm0009368,actor,Josef Abrhám
nm0000493,actor,Jack Lemmon
nm0361757,actor,Yoshio Harada
nm0549457,actor,Akaji Maro
nm0581103,actor,Mario Merola
nm0664218,actor,Spede Pasanen
nm0517978,actor,Vesa-Matti Loiri
nm0758741,actor,Simo Salminen
nm0455797,actor,Heikki Kinnunen
nm0911542,actor,Fred Ward
nm0487022,actor,Victor Lanoux
nm0099084,actor,Patrick Bouchitey
nm0487254,actor,Gérard Lanvin
nm0079916,actor,Hermann Beyer
nm0000587,actor,Donald Pleasence
nm0297450,actor,Miguel Ángel Fuentes
nm0001494,actor,Ralph Macchio
nm0000237,actor,John Travolta
nm0000621,actor,Kurt Russell
nm0912001,actor,Jack Warden
nm0574433,actor,Frank McRae
nm0407720,actor,Viktor Ilichyov
nm0493724,actor,Aleksandr Lazarev
nm0720277,actor,Antonio Resines
nm0232504,actor,Tung-Shing Yee
nm0713999,actor,Alfonso del Real
nm0001409,actor,Tchéky Karyo
nm0547339,actor,Jean-Pierre Marielle
nm0006664,actor,Zdenek Sverák
nm0224441,actor,Mircea Diaconu
nm0682726,actor,Florin Piersic
nm0001902,actor,Edward Albert
nm0001545,actor,Dudley Moore
nm0836136,actor,Jerzy Stuhr
nm0944134,actor,Wojciech Wysocki
nm0066133,actor,Aleksander Bednarz
nm0790925,actor,Dean Shek
nm0155582,actor,Ka-Sang Cheng
nm0156506,actor,Kwok-Keung Cheung
nm0526695,actor,Fong Lung
nm0150894,actor,Frankie Chan
nm0708790,actor,Santiago Ramos
nm0480587,actor,Óscar Ladoire
nm0637434,actor,Jan Nowicki
nm0000393,actor,Peter Falk
nm0949350,actor,Burt Young
nm0244296,actor,Lev Durov
nm0151068,actor,Philip Chan
nm0235551,actor,Juan Dover
nm0145914,actor,Paco Catalá
nm0012294,actor,Joop Admiraal
nm0395121,actor,Mike Horner
nm0798827,actor,Joey Silvera
nm0151755,actor,Kuo-Chu Chang
nm0156875,actor,Charlie Chin
nm0529543,actor,Jean-Pierre Léaud
nm0299201,actor,Masato Furuoya
nm0690610,actor,Gabriel Pontello
nm0074151,actor,Dany Berger
nm0508293,actor,Thierry Lhermitte
nm0946179,actor,Jean Yanne
nm0903901,actor,Yorgo Voyagis
nm0116091,actor,Philippe Bruneau
nm0001418,actor,David Keith
nm0244707,actor,André Dussollier
nm0040545,actor,Féodor Atkine
nm0405695,actor,Paul Hébert
nm0217880,actor,Xavier Deluc
nm0089882,actor,Graeme Blundell
nm0456093,actor,Raj Kiran
nm0961039,actor,Raymond van Haaf
nm0472941,actor,Jan Kruyk
nm0960828,actor,Dik van Dodewaard
nm0176161,actor,Hub Consten
nm0408476,actor,Rafael Inclán
nm0830293,actor,Jack Wrangler
nm0300565,actor,Antonio Gades
nm0422981,actor,Juan Antonio Jiménez
nm0001101,actor,Ted Danson
nm0847812,actor,Henryk Talar
nm0303437,actor,Venchito Galvez
nm0759252,actor,Phillip Salvador
nm0511703,actor,Emilio Linder
nm0156460,actor,Chung-Kuei Chang
nm0479753,actor,Marián Labuda
nm0007210,actor,Saul Rubinek
nm0345616,actor,Jerzy Gudejko
nm0597816,actor,Pierre Mondy
nm0104753,actor,David Brandon
nm0097391,actor,Charles Borromel
nm0758066,actor,Enrico Maria Salerno
nm0813691,actor,Miguel Ángel Solá
nm0524093,actor,Carlos Lucas
nm0885474,actor,Máximo Valverde
nm0510436,actor,Ramón Lillo
nm0195293,actor,Nino D'Angelo
nm0188021,actor,Lino Crispo
nm0874868,actor,Yin Tse
nm0368745,actor,Richard Hatch
nm0787582,actor,Farooq Shaikh
nm0006762,actor,Saeed Jaffrey
nm0066075,actor,Rakesh Bedi
nm0598971,actor,Yves Montand
nm0150862,actor,Dennis Chan
nm0398801,actor,Chun-Hsiung Ko
nm0029177,actor,Bert André
nm0091336,actor,Theu Boermans
nm0031026,actor,Tony Anthony
nm0704164,actor,Gene Quintano
nm0025630,actor,Vikas Anand
nm0000216,actor,Arnold Schwarzenegger
nm0000469,actor,James Earl Jones
nm0147167,actor,Gianni Cavina
nm0412313,actor,Rick Iverson
nm0320808,actor,Bernard Giraudeau
nm0072768,actor,Fabrizio Bentivoglio
nm0130271,actor,Lun Chia
nm0000448,actor,Lance Henriksen
nm0714287,actor,Victor Rebengiuc
nm0614526,actor,Michael Murphy
nm0794890,actor,Dan Shor
nm0002989,actor,Andrew Stevens
nm0001835,actor,Carl Weathers
nm0350350,actor,Michael Gwisdek
nm0092184,actor,Richard Bohringer
nm0000438,actor,Ed Harris
nm0464945,actor,Marek Kondrat
nm0272295,actor,Adam Ferency
nm0392250,actor,Gustaw Holoubek
nm0175060,actor,Christopher Connelly
nm0644523,actor,Ken Ogata
nm0352032,actor,Kamal Haasan
nm0693625,actor,Julien Poulin
nm0265853,actor,Pierre Falardeau
nm0000308,actor,Ernest Borgnine
nm0745780,actor,Richard Roundtree
nm0000249,actor,James Woods
nm0784884,actor,Rade Serbedzija
nm0511277,actor,Boguslaw Linda
nm0000554,actor,Sam Neill
nm0246728,actor,Ricardo Díaz
nm0636280,actor,Richard Norton
nm0582773,actor,Jim Metzler
nm0057825,actor,Mário Barroso
nm0863146,actor,Vyacheslav Tikhonov
nm0252473,actor,Gösta Ekman
nm0000154,actor,Mel Gibson
nm0449652,actor,Bill Kerr
nm0296389,actor,Piotr Fronczewski
nm0000362,actor,Danny DeVito
nm0359894,actor,Roger Hanin
nm0006939,actor,Richard Berry
nm0001345,actor,Jim Henson
nm0000568,actor,Frank Oz
nm0324397,actor,Dave Goelz
nm0921713,actor,Rolv Wesenlund
nm0089877,actor,Øivind Blunck
nm0000579,actor,Ron Perlman
nm0482614,actor,George Lam
nm0477108,actor,Teddy Robin Kwan
nm0538353,actor,Karl Maka
nm0515697,actor,Adolfo Llauradó
nm0001642,actor,Randy Quaid
nm0280886,actor,Joe Flaherty
nm0000961,actor,Timothy Bottoms
nm0904093,actor,Dolf de Vries
nm0441955,actor,Yftach Katzur
nm0755974,actor,Jonathan Sagall
nm0814773,actor,Alberto Sordi
nm0473162,actor,Pavel Kríz
nm0560727,actor,David Matásek
nm0752591,actor,James Ryan
nm0689430,actor,Mario Pollak
nm0000502,actor,Christopher Lloyd
nm0062353,actor,Franz Baumgartner
nm0294680,actor,Gunter Freyse
nm0316284,actor,Giancarlo Giannini
nm0865396,actor,Marko Todorovic
nm0815537,actor,Hugo Soto
nm0029860,actor,Rafael Anglada
nm0000090,actor,Armin Mueller-Stahl
nm0628827,actor,Richard Ng
nm0636893,actor,Mel Novak
nm0156497,actor,Kam Cheung
nm0389109,actor,Thom Hoffman
nm0003508,actor,Michel Blanc
nm0817748,actor,Bruce Spence
nm0898317,actor,Jacques Villeret
nm0014227,actor,Sung-Ki Ahn
nm0161149,actor,Moo-Song Jeon
nm0668331,actor,George Payne
nm0280132,actor,Peter Fitz
nm0441375,actor,Masahiko Tsugawa
nm0874676,actor,Eric Tsang
nm0818204,actor,Volker Spengler
nm0876256,actor,Peter Tuinman
nm0508085,actor,Johan Leysen
nm0001970,actor,Klaus Maria Brandauer
nm0000905,actor,Roberto Benigni
nm0878957,actor,Stanislaw Tym
nm0468586,actor,Krzysztof Kowalewski
nm0401201,actor,Michael Hui
nm0401207,actor,Samuel Hui
nm0298689,actor,Stanley Sui-Fan Fung
nm0007113,actor,Nana Patekar
nm0004149,actor,Bo Svenson
nm0000230,actor,Sylvester Stallone
nm0683119,actor,Luciano Pigozzi
nm0819825,actor,Ove Sprogøe
nm0344655,actor,Morten Grunwald
nm0120381,actor,Poul Bundgaard
nm0894608,actor,Pierre Vernier
nm0033420,actor,Renzo Arbore
nm0082599,actor,Carl Billquist
nm0000188,actor,Steve Martin
nm0139213,actor,Mario Carotenuto
nm0332052,actor,Thomas Gottschalk
nm0473252,actor,Mike Krüger
nm0001352,actor,Terence Hill
nm0001145,actor,Divine
nm0002147,actor,Tab Hunter
nm0334536,actor,Paolo Gramignano
nm0669549,actor,Jirí Pecha
nm0295506,actor,Colin Friels
nm0018872,actor,Manuel Alexandre
nm0000380,actor,Robert Duvall
nm0436000,actor,Aake Kalliala
nm0378427,actor,Helge Herala
nm0404091,actor,Francis Huster
nm0273508,actor,Freddy Fernández
nm0000616,actor,Eric Roberts
nm0722636,actor,John Rhys-Davies
nm0000653,actor,Brent Spiner
nm0896557,actor,Ivica Vidovic
nm0816296,actor,Fabijan Sovagovic
nm0002025,actor,Hume Cronyn
nm0689866,actor,Gerhard Polt
nm0586733,actor,Rentarô Mikuni
nm0543547,actor,Predrag 'Miki' Manojlovic
nm0001934,actor,Kabir Bedi
nm0904847,actor,Ion Vâlcu
nm0516215,actor,Tony Lo Bianco
nm0420090,actor,Jeetendra
nm0002037,actor,Cliff De Young
nm0259724,actor,Ole Ernst
nm0492649,actor,Bruno Lawrence
nm0604335,actor,Nanni Moretti
nm0352157,actor,Alessandro Haber
nm0000959,actor,Powers Boothe
nm0000601,actor,Harold Ramis
nm0246408,actor,Francisco Díaz 'Frank'
nm0001059,actor,Robbie Coltrane
nm0059695,actor,Jaime Bascu
nm0005019,actor,Bo Hopkins
nm0835144,actor,Don Stroud
nm0121018,actor,Elguja Burduli
nm0685345,actor,Guram Pirtskhalava
nm0945632,actor,Tadashi Yamashita
nm0908539,actor,Bill Wallace
nm0316977,actor,Gerry Gibson
nm0059300,actor,Zbigniew Bartosiewicz
nm0451828,actor,Philippe Khorsand
nm0230029,actor,Michal Docolomanský
nm0000576,actor,Sean Penn
nm0492342,actor,John Phillip Law
nm0246894,actor,György Dörner
nm0000902,actor,Jim Belushi
nm0526712,actor,Tin Sang Lung
nm0527002,actor,Federico Luppi
nm0208674,actor,Julio De Grazia
nm0241696,actor,Ulises Dumont
nm0268094,actor,Tony King
nm0438712,actor,Nikolay Karachentsov
nm0536850,actor,Joseph Maher
nm0148393,actor,Petr Cepek
nm0405545,actor,Tapio Hämäläinen
nm0096844,actor,Lev Borisov
nm0532701,actor,Jan Machulski
nm0682893,actor,Leonard Pietraszak
nm0701568,actor,Witold Pyrkosz
nm0116339,actor,Ulf Brunnberg
nm0104979,actor,Nils Brandt
nm0869053,actor,Conrado Tortosa 'Pipper'
nm0469103,actor,Jeroen Krabbé
nm0012602,actor,Frank Aendenboom
nm0280802,actor,Herbert Flack
nm0952498,actor,Zbigniew Zamachowski
nm0266652,actor,Mei Sheng Fan
nm0001022,actor,Dana Carvey
nm0622931,actor,Juanito Navarro
nm0958784,actor,Humberto Zurita
nm0001589,actor,Michael Palin
nm0000552,actor,Eddie Murphy
nm0638308,actor,Francesco Nuti
nm0339888,actor,Mark Gregory
nm0055020,actor,Steve Barkett
nm0055018,actor,Christopher Barkett
nm0000978,actor,Lloyd Bridges
nm0001777,actor,Dean Stockwell
nm0663238,actor,Alejandro Parodi
nm0649210,actor,Don Keith Opper
nm0158801,actor,Dong-joon Choi
nm0612078,actor,Harrison Muller
nm0613417,actor,Raza Murad
nm0681126,actor,Biju Phukan
nm0331735,actor,Sushil Goswami
nm0051856,actor,Victor Banerjee
nm0671231,actor,Matti Pellonpää
nm0631741,actor,Esko Nikkari
nm0144292,actor,Claudio Cassinelli
nm0371824,actor,Chris Haywood
nm0674877,actor,François Perrot
nm0576495,actor,Vinod Mehra
nm0894340,actor,Deven Verma
nm0475610,actor,Leonid Kuravlyov
nm0733508,actor,Enzo Robutti
nm0131033,actor,Jerry Calà
nm0933727,actor,Lambert Wilson
nm0070987,actor,Yves Beneyton
nm0060681,actor,Jordi Batalla
nm0739931,actor,Andrea Roncato
nm0759877,actor,Gigi Sammarchi
nm0484397,actor,Miguel Ángel Landa
nm0108539,actor,Rafael Briceño
nm0370634,actor,Marc Hayashi
nm0911007,actor,Peter Wang
nm0884606,actor,Miguel Ángel Valero
nm0431328,actor,Miguel Joven
nm0001522,actor,Roddy McDowall
nm0227708,actor,Gheorghe Dinica
nm0409622,actor,Stefan Iordache
nm0881984,actor,Valentin Uritescu
nm0017988,actor,Mija Aleksic
nm0074101,actor,Alessandro Freyberger
nm0540885,actor,Arturo Maly
nm0046152,actor,Jean Badin
nm0087141,actor,Roland Blanche
nm0006369,actor,Ashok Kumar
nm0000979,actor,Wilford Brimley
nm0348018,actor,Sanath Gunathilake
nm0709777,actor,Ravindra Randeniya
nm0000430,actor,Steve Guttenberg
nm0000102,actor,Kevin Bacon
nm0827663,actor,Daniel Stern
nm0754889,actor,Marcel Sabourin
nm0822765,actor,John Stanton
nm0759685,actor,Ljubisa Samardzic
nm0108400,actor,Jean-Claude Brialy
nm0001075,actor,Peter Coyote
nm0156891,actor,Kuan-Chun Chi
nm0000296,actor,Robert Beltran
nm0092789,actor,Massimo Boldi
nm0150874,actor,Eddie Chan
nm0001745,actor,Stellan Skarsgård
nm0000471,actor,Raul Julia
nm0459074,actor,Towje Kleiner
nm0539022,actor,Christophe Malavoy
nm0172484,actor,Lewis Collins
nm0001133,actor,Brian Dennehy
nm0506784,actor,José Lewgoy
nm0804157,actor,Björn Skifs
nm0628747,actor,David Wu
nm0037372,actor,Bigote Arrocet
nm0514998,actor,Ray Lui
nm0786022,actor,Roshan Seth
nm0906402,actor,Austin Wai
nm0393222,actor,James Hong
nm0001028,actor,Maxwell Caulfield
nm0029158,actor,Leonard Andrzejewski
nm0867242,actor,Ken Tong
nm0950604,actor,Cheung-Yan Yuen
nm0953168,actor,Zbigniew Zapasiewicz
nm0030153,actor,Sverre Anker Ousdal
nm0822236,actor,Göran Stangertz
nm0305053,actor,James Garci
nm0521544,actor,Marcello Lotti
nm0678059,actor,Antonio Petrocelli
nm0348965,actor,Björn Gustafson
nm0871827,actor,Jerzy Trela
nm0954927,actor,Edward Zentara
nm0118840,actor,Zbigniew Buczkowski
nm0628689,actor,Michael Nezer
nm0526183,actor,Jesper Lund
nm0283846,actor,Tobias Fog
nm0075003,actor,Kjell Bergqvist
nm0702555,actor,Tom Pöysti
nm0086134,actor,Rogelio Blain
nm0165490,actor,Samuel Claxton
nm0209209,actor,René de la Cruz
nm0443367,actor,Norman Kaye
nm0760796,actor,Hiroyuki Sanada
nm0348155,actor,Bill Gunn
nm0427977,actor,Duane Jones
nm0440480,actor,Mohammad Kasebi
nm0006498,actor,Majid Majidi
nm0368017,actor,Mehdi Hashemi
nm0757824,actor,Millán Salcedo
nm0174290,actor,Fernando Conde
nm0438463,actor,Anil Kapoor
nm0618768,actor,Mustafa Nadarevic
nm0245344,actor,Boris Dvornik
nm0001385,actor,Eric Idle
nm0695170,actor,Om Prakash
nm0158656,actor,Tat-Wah Tso
nm0695199,actor,Pran
nm0668037,actor,Bronislaw Pawlik
nm0793505,actor,Shmuel Shiloh
nm0081702,actor,Claudio Bigagli
nm0844462,actor,Miklós Székely B.
nm0258272,actor,Károly Eperjes
nm0256628,actor,Akira Emoto
nm0501288,actor,Richard Allan
nm0443502,actor,Dick Kaysø
nm0000104,actor,Antonio Banderas
nm0106061,actor,Charly Bravo
nm0946160,actor,Oleg Yankovskiy
nm0380628,actor,Mark Herrier
nm0461129,actor,Wyatt Knight
nm0934059,actor,Roger Wilson
nm0432040,actor,Gérard Jugnot
nm0004433,actor,Shammi Kapoor
nm0301515,actor,Janusz Gajos
nm0155599,actor,Mark Cheng
nm0490614,actor,Shun Lau
nm0950761,actor,Yat Chor Yuen
nm0057428,actor,Maurice Barrier
nm0002018,actor,Tom Conti
nm0032122,actor,Cayito Aponte
nm0051091,actor,Anand Balraj
nm0004109,actor,Gulshan Grover
nm0007106,actor,Shakti Kapoor
nm0223825,actor,Mauro Di Francesco
nm0652592,actor,Ren Osugi
nm0710341,actor,Rodolfo Ranni
nm0474801,actor,Dilip Kumar
nm0000693,actor,Peter Weller
nm0861141,actor,Gerard Thoolen
nm0000177,actor,Kevin Kline
nm0347842,actor,Leo Gullotta
nm0001228,actor,Peter Fonda
nm0000559,actor,Leonard Nimoy
nm0001420,actor,DeForest Kelley
nm0001150,actor,James Doohan
nm0007147,actor,Dev Anand
nm0006763,actor,Jackie Shroff
nm0648409,actor,Toshinori Omi
nm0766491,actor,Makoto Satô
nm0202966,actor,Keith David
nm0557956,actor,Richard Masur
nm0709947,actor,Robert Random
nm0270607,actor,Eberhard Feik
nm0490489,actor,Andy Lau
nm0007042,actor,Herbert Lom
nm0346993,actor,Jean-Bernard Guillard
nm0687847,actor,Werner Pochath
nm0369567,actor,Wings Hauser
nm0083238,actor,Birbal
nm0223524,actor,Krishan Dhawan
nm0004569,actor,Sanjay Dutt
nm0865521,actor,Sagvan Tofi
nm0059847,actor,Oleg Basilashvili
nm0866753,actor,Kei Tomiyama
nm0407454,actor,Shûichi Ikeda
nm0848355,actor,Alan Tam
nm0945189,actor,Simon Yam
nm0098928,actor,Raymond Bouchard
nm0015081,actor,Tarik Akan
nm0258905,actor,Halil Ergün
nm0160846,actor,Kong Chu
nm0900007,actor,Zlatko Vitez
nm0814679,actor,Michael Sopkiw
nm0526714,actor,Dick Wei
nm0579012,actor,Rui Mendes
nm0050983,actor,Jean-François Balmer
nm0579143,actor,Kiko Mendive
nm0903964,actor,Michel Voïta
nm0431451,actor,Robert Joy
nm0707425,actor,Rajinikanth
nm0593306,actor,Eddy Mitchell
nm0672269,actor,Jacques Penot
nm0001759,actor,Vincent Spano
nm0000156,actor,Jeff Goldblum
nm0873205,actor,Trino Trives
nm0994324,actor,Yutaka Ikejima
nm0992736,actor,Yasushi Satô
nm0149603,actor,Pierre Chagnon
nm0286247,actor,Michel Forget
nm0552397,actor,Hub Martin
nm0771365,actor,Dieter Schidor
nm0081041,actor,Giles Bickford
nm0487616,actor,Víctor Laplace
nm0822004,actor,Wadeck Stanczak
nm0504899,actor,Tony Ka Fai Leung
nm0000507,actor,Rob Lowe
nm0000530,actor,Andrew McCarthy
nm0503201,actor,Gaston Lepage
nm0045870,actor,Jean-Pierre Bacri
nm0497757,actor,Li-Chun Lee
nm0136789,actor,Roger Carel
nm0001597,actor,Mandy Patinkin
nm0345144,actor,Pao-Ming Ku
nm0203768,actor,Jackson Davies
nm0422392,actor,Evgeniy Evstigneev
nm0000606,actor,Jean Reno
nm0418083,actor,Wolfgang Jansen
nm0768641,actor,Mattia Sbragia
nm0088250,actor,Claudiu Bleont
nm0630193,actor,Petre Nicolae
nm0002081,actor,Edward Fox
nm0810550,actor,Innokentiy Smoktunovskiy
nm0001595,actor,Michael Paré
nm0491005,actor,Matthew Laurance
nm0000657,actor,David Strathairn
nm0876603,actor,Bill Tung
nm0499995,actor,Siu-Tin Lai
nm0151815,actor,Shih Chang
nm0633080,actor,Doze Niu
nm0684500,actor,Dominique Pinon
nm0217466,actor,Carlo Delle Piane
nm0506405,actor,Eugene Levy
nm0000846,actor,Ian Bannen
nm0477570,actor,Ferenc Kállai
nm0641397,actor,Dan O'Herlihy
nm0000321,actor,Gabriel Byrne
nm0744235,actor,Leo Rossi
nm0002073,actor,Lou Ferrigno
nm0364490,actor,Brad Harris
nm0000633,actor,Tom Selleck
nm0183310,actor,Paul Coufos
nm0496118,actor,Branislav Lecic
nm0124973,actor,Jerry Butler
nm0790202,actor,Boris Shcherbakov
nm0159330,actor,Vasant Choudhury
nm0006842,actor,Julio Alemán
nm0025857,actor,Richard Anconina
nm0383867,actor,Dieter Hildebrandt
nm0711153,actor,Davoud Rashidi
nm0556305,actor,Jamshid Mashayekhi
nm0759797,actor,Udo Samel
nm0347656,actor,Clu Gulager
nm0024580,actor,Claudio Amendola
nm0011464,actor,Wlodzimierz Adamski
nm0000111,actor,Matthew Broderick
nm0490618,actor,Siu-Ming Lau
nm0001429,actor,Takeshi Kitano
nm0001402,actor,Terry Jones
nm0246717,actor,Rafael Díaz
nm0476987,actor,Stefan Kvietik
nm0659609,actor,Aleksandr Pankratov-Chyornyy
nm0934902,actor,Paul Winfield
nm0000987,actor,Jim Brown
nm0620018,actor,Kiichi Nakai
nm0001367,actor,C. Thomas Howell
nm0000664,actor,Patrick Swayze
nm0194681,actor,Carlos César
nm0142452,actor,José de Carvalho
nm0320801,actor,Roland Giraud
nm0154118,actor,Biplab Chatterjee
nm0266521,actor,Herodes Falsk
nm0558949,actor,Tom Mathisen
nm0955664,actor,Mikhail Zhigalov
nm0000546,actor,Matthew Modine
nm0094782,actor,Jacques Bonnaffé
nm0644023,actor,Christophe Odent
nm0217260,actor,Ottaviano Dell'Acqua
nm0889242,actor,Massimo Vanni
nm0162524,actor,Ilarion Ciobanu
nm0583838,actor,Bruno Minniti
nm0028986,actor,Virgil Andriescu
nm0764871,actor,Sarath Babu
nm0699596,actor,Tilo Prückner
nm0759606,actor,Shan Charng
nm0619185,actor,Masatoshi Nagase
nm0814162,actor,Josef Somr
nm0171754,actor,Christopher Collet
nm0649513,actor,Ángel Ordiales
nm0178114,actor,Jackie Cooper
nm0000200,actor,Bill Paxton
nm0001148,actor,Troy Donahue
nm0102280,actor,Ken Boyle
nm0628806,actor,Man-Tat Ng
nm0067122,actor,Behzad Behzadpour
nm0551298,actor,Antonio Marsina
nm0000747,actor,Don Ameche
nm0684952,actor,Giacomo Piperno
nm0762632,actor,John Sham
nm0908525,actor,Anzac Wallace
nm0299192,actor,Toshio Furukawa
nm0436776,actor,Akira Kamiya
nm0000115,actor,Nicolas Cage
nm0029515,actor,Josep Maria Angelat
nm0693799,actor,Melvil Poupaud
nm0719914,actor,Robin Renucci
nm0515635,actor,José Llamas
nm0122168,actor,Nikolay Burlyaev
nm0399074,actor,James Wong
nm0576851,actor,John Meillon
nm0161275,actor,Siu Chung Mok
nm0482630,actor,Kau Lam
nm0490497,actor,Billy Lau
nm0524528,actor,Fabrice Luchini
nm0313443,actor,Götz George
nm0159129,actor,Farid Chopel
nm0084289,actor,Patxi Bisquert
nm0935498,actor,Michael Winslow
nm0034079,actor,Pierre Arditi
nm0219939,actor,Danny Denzongpa
nm0000147,actor,Colin Firth
nm0618291,actor,Richy Müller
nm0118268,actor,Franz Buchrieser
nm0815008,actor,Pepe Soriano
nm0553650,actor,Oscar Martínez
nm0000158,actor,Tom Hanks
nm0000662,actor,Kiefer Sutherland
nm0039226,actor,John Ashton
nm0991937,actor,Tôru Nakane
nm0704044,actor,Adolfo Quinones
nm0150400,actor,Michael Chambers
nm0023693,actor,Enrique Alzugaray
nm0001599,actor,Will Patton
nm0063273,actor,Arkadiusz Bazak
nm0271262,actor,Alejo Felipe
nm0915452,actor,David Tao
nm0001999,actor,Maury Chaykin
nm0155923,actor,Igor Chernitskiy
nm0970211,actor,Gudi Sintara
nm0051984,actor,Advent Bangun
nm0151696,actor,Fu-Chien Chang
nm0939378,actor,Victor Wong
nm0393389,actor,Marzio Honorato
nm0206870,actor,Luis de Alba
nm0004625,actor,Daniel Gélin
nm0960359,actor,Dénes Ujlaky
nm0005522,actor,Mario Van Peebles
nm0000433,actor,Corey Haim
nm0722221,actor,Phillip Rhee
nm0158605,actor,Charlie Cho
nm0156495,actor,Tai-Bo
nm0939275,actor,Parkman Wong
nm0000483,actor,Christopher Lambert
nm0001740,actor,O.J. Simpson
nm0441660,actor,Daniel Katz
nm0722963,actor,Mauro Rivera
nm0451148,actor,Aamir Khan
nm0618057,actor,Ulrich Mühe
nm0473166,actor,Joachim Król
nm0643350,actor,Suresh Oberoi
nm0768296,actor,Sharat Saxena
nm0001552,actor,Pat Morita
nm0000518,actor,John Malkovich
nm0001696,actor,Julian Sands
nm0284585,actor,Leo Fong
nm0001000,actor,Tom Byron
nm0890874,actor,Marek Vasut
nm0822868,actor,Huub Stapel
nm0765193,actor,Krunoslav Saric
nm0278947,actor,Helmut Fischer
nm0938623,actor,Sven Wollter
nm0219971,actor,Sunny Deol
nm0324067,actor,Jacques Godin
nm0937304,actor,Stefan Wodoslawsky
nm0334601,actor,Sam Grana
nm0807018,actor,Valentin Smirnitskiy
nm0300546,actor,Eduardo Gadea Pérez
nm0274068,actor,Francisco Ferrari
nm0084402,actor,Henryk Bista
nm0000136,actor,Johnny Depp
nm0411150,actor,Koji Ishizaka
nm0212541,actor,Dipankar Dey
nm0461918,actor,Blackie Shou-Liang Ko
nm0807571,actor,Bubba Smith
nm0653622,actor,John Oury
nm0098734,actor,Sam Bottoms
nm0353448,actor,Ross Hagen
nm0001697,actor,Chris Sarandon
nm0380227,actor,Grzegorz Herominski
nm0002239,actor,Prince
nm0206528,actor,Morris Day
nm0084360,actor,Jean-Pierre Bisson
nm0266890,actor,Ennio Fantastichini
nm0001238,actor,Jesús Franco
nm0000221,actor,Charlie Sheen
nm0000389,actor,Emilio Estevez
nm0124079,actor,Timothy Busfield
nm0000655,actor,Eric Stoltz
nm0451600,actor,Anupam Kher
nm0947895,actor,Vyacheslav Yezepov
nm0109485,actor,Adrian Brine
nm0202515,actor,Charlie Davao
nm0163776,actor,Christoph Clark
nm0074125,actor,William Berger
nm0155264,actor,Jing Chen
nm0809321,actor,Mel Smith
nm0707466,actor,Pierre-Loup Rajot
nm0091899,actor,Eric Bogosian
nm0528536,actor,Michal Skolimowski
nm0443089,actor,Józef Skolimowski
nm0435218,actor,Terry Kiser
nm0793008,actor,Fui-On Shing
nm0939065,actor,Gabriel Wong
nm0938893,actor,Anthony Chau-Sang Wong
nm0007139,actor,Hark Tsui
nm0504897,actor,Tony Chiu-Wai Leung
nm0115730,actor,Patrick Bruel
nm0311059,actor,Sergey Gazarov
nm0039435,actor,Luke Askew
nm0001606,actor,Chris Penn
nm0000293,actor,Sean Bean
nm0159201,actor,Yuen Chor
nm0434318,actor,Kader Khan
nm0476814,actor,Yuriy Kuznetsov
nm0728476,actor,Lazar Ristovski
nm0266266,actor,Loa Falkman
nm0176599,actor,William Converse-Roberts
nm0002023,actor,Matt Craven
nm0210477,actor,Reggie De Morton
nm0027245,actor,Nelson Datu Anderson
nm0415617,actor,Henry Jaglom
nm0533175,actor,John MacKay
nm0346168,actor,Franco Guerrero
nm0001154,actor,Michael Dudikoff
nm0320762,actor,Hippolyte Girardot
nm0575761,actor,Raúl Medina
nm0484596,actor,Pedro Lander
nm0000150,actor,Michael J. Fox
nm0951828,actor,Frank Zagarino
nm0220908,actor,Gérard Desarthe
nm0000131,actor,John Cusack
nm0292291,actor,Nino Frassica
nm0668271,actor,Bruce Payne
nm0482708,actor,Wai Lam
nm0542994,actor,Terrence Mann
nm0843575,actor,Szabolcs Cseh
nm0000418,actor,Danny Glover
nm0920460,actor,Vernon Wells
nm0001397,actor,Brion James
nm0225921,actor,Juan Diego
nm0053519,actor,Urbano Barberini
nm0748207,actor,Sergio Rubini
nm0484686,actor,David Landsberg
nm0237847,actor,Lorin Dreyfuss
nm0122167,actor,Ivan Burlyaev
nm0509676,actor,Maris Liepa
nm0207834,actor,Ruy de Carvalho
nm0779423,actor,Keith Scott
nm0704362,actor,Carlos Quiroga
nm0514922,actor,Fong Lui
nm0305737,actor,José Miguel García
nm0317718,actor,Agustín Gil
nm0691891,actor,Diego Porta
nm0000203,actor,River Phoenix
nm0939147,actor,Jing Wong
nm0706619,actor,William Ragsdale
nm0913910,actor,Taketoshi Watari
nm0464180,actor,Amos Kollek
nm0000397,actor,Corey Feldman
nm0845866,actor,Anton Tabakov
nm0767368,actor,Rick Savage
nm0156558,actor,Roy Cheung
nm0953025,actor,Bruno Zanin
nm0737553,actor,Clayton Rohner
nm0000225,actor,Christian Slater
nm0312768,actor,Bryan Genesse
nm0000561,actor,Peter North
nm0876304,actor,Sergio Tula
nm0757396,actor,Xavier Sala
nm0128061,actor,César Cadaval
nm0128062,actor,Jorge Cadaval
nm0001099,actor,Jeff Daniels
nm0156467,actor,Dicky Cheung
nm0267838,actor,Alberto Farnese
nm0722619,actor,Griff Rhys Jones
nm0950954,actor,Sai-Kit Yung
nm0950552,actor,Rongguang Yu
nm0000652,actor,James Spader
nm0347202,actor,Fernando Guillén Cuervo
nm0303909,actor,Laurent Gamelon
nm0932870,actor,André Wilms
nm0333701,actor,David Graf
nm0095718,actor,James Booth
nm0558363,actor,Sergi Mateu
nm0621008,actor,Charles Napier
nm0001062,actor,Jeffrey Combs
nm0007940,actor,Bruce Abbott
nm0439170,actor,James Karen
nm0558726,actor,Thom Mathews
nm0000619,actor,Tim Roth
nm0896509,actor,Steven Vidler
nm0904901,actor,Kari Väänänen
nm0008124,actor,Mahmoud Abdel Aziz
nm0073221,actor,Agustín Bernal
nm0849916,actor,Tsung-Hua Tou
nm0952911,actor,Philip Zandén
nm0273090,actor,Plinio Fernando
nm0249528,actor,Adrian Edmondson
nm0929489,actor,Tom Wilkinson
nm0073498,actor,Ari Bery
nm0001729,actor,Craig Sheffer
nm0480869,actor,Art LaFleur
nm0099378,actor,Michel Boujenah
nm0541281,actor,Eman Manan
nm0022451,actor,Roberto Alpi
nm0637032,actor,Novello Novelli
nm0099828,actor,Didier Bourdon
nm0132064,actor,Bernard Campan
nm0529591,actor,Pascal Légitimus
nm0165720,actor,John Clayton
nm0827200,actor,Ole Stephensen
nm0295740,actor,Jarl Friis-Mikkelsen
nm0471692,actor,Romano Kristoff
nm0350479,actor,Kim Gyngell
nm0001305,actor,Lukas Haas
nm0159474,actor,Guy Lai
nm0007620,actor,Ebrahim Abadi
nm0001357,actor,Paul Hogan
nm0555260,actor,Nacho Martínez
nm0248364,actor,Juan Echanove
nm0092592,actor,Pierre Bokma
nm0225610,actor,Crispin Dickson Wendenius
nm0489196,actor,Henrik Larsson
nm0315767,actor,Massimo Ghini
nm0025389,actor,Sadashiv Amrapurkar
nm0197582,actor,Sudhir Dalvi
nm0628756,actor,Fung Woo
nm0001520,actor,Christopher McDonald
nm0001738,actor,Jonathan Silverman
nm0671855,actor,Bruce Penhall
nm0679160,actor,Edilio Peña
nm0156484,actor,Jacky Cheung
nm0939255,actor,Michael Wong
nm0350673,actor,Sándor Gáspár
nm0930806,actor,Jason Williams
nm0001815,actor,Jim Varney
nm0506374,actor,Dani Levy
nm0001598,actor,Robert Patrick
nm0826243,actor,William Steis
nm0187790,actor,Ed Crick
nm0000470,actor,Jeffrey Jones
nm0388640,actor,René van 't Hof
nm0000206,actor,Keanu Reeves
nm0001641,actor,Vincent Perez
nm0339619,actor,Ezio Greggio
nm0156434,actor,Alfred Cheung
nm0992732,actor,Kazuhiro Sano
nm0704247,actor,Lorenzo Quinteros
nm0000209,actor,Tim Robbins
nm0481717,actor,Bei-Dak Lai
nm0279366,actor,Alan Fisler
nm0721386,actor,Pedro Reyes
nm0773845,actor,Helge Schneider
nm0475344,actor,Andreas Kunze
nm0411539,actor,Puneet Issar
nm0953982,actor,Aleksandr Zbruev
nm0893181,actor,Chick Vennera
nm0560026,actor,Fritz Matthews
nm0697961,actor,Ted Prior
nm0879764,actor,Yûya Uchida
nm0423084,actor,Shih-Chieh King
nm0000144,actor,Cary Elwes
nm0001855,actor,Thomas F. Wilson
nm0797659,actor,Pentti Siimes
nm0628714,actor,Lawrence Ng
nm0795806,actor,Wai Shum
nm0159053,actor,Jun Chong
nm0628757,actor,Francis Ng
nm0738887,actor,Gerardo Romano
nm0884581,actor,Antonio Valero
nm0309348,actor,Alessandro Gassmann
nm0265873,actor,Michael Falch
nm0407959,actor,Vladimir Ilin
nm0258550,actor,Yan Epstein
nm0310173,actor,Kumar Gaurav
nm0001914,actor,Adam Ant
nm0001505,actor,Joe Mantegna
nm0383449,actor,Michael Higgins
nm0893449,actor,Nedumudi Venu
nm0858128,actor,Thilakan
nm0249020,actor,Samuli Edelmann
nm0396212,actor,Yukijirô Hotaru
nm0439371,actor,Vassili Karis
nm0000490,actor,Spike Lee
nm0516319,actor,Lowell Lo
nm0000198,actor,Gary Oldman
nm0042884,actor,Joe Mari Avellana
nm0000501,actor,Ray Liotta
nm0000696,actor,Wil Wheaton
nm0000648,actor,Wesley Snipes
nm0332871,actor,Govinda
nm0284533,actor,Alex Fong
nm0001737,actor,Martin Short
nm0120178,actor,Robert Bullock
nm0000422,actor,John Goodman
nm0072934,actor,Jerome Benton
nm0247353,actor,Timothy Earle
nm0690303,actor,Eusebio Poncela
nm0956881,actor,Sigi Zimmerschied
nm0904173,actor,Ivo Vrzal-Wiegand
nm0409287,actor,Kazuhiko Inoue
nm0939189,actor,Kelvin Wong
nm0892188,actor,Sergey Veksler
nm0955671,actor,Sergey Zhigunov
nm0022952,actor,Michael Altmann
nm0469133,actor,Heinz-Werner Kraehkamp
nm0541290,actor,Biff Manard
nm0084241,actor,Claudio Bisio
nm0700206,actor,Juanjo Puigcorbé
nm0863915,actor,Hai-Hsing Li
nm0133328,actor,Sergio Poves Campos
nm0736534,actor,Carlos Roffé
nm0252847,actor,Nagah El-Mogui
nm0592804,actor,Abdullah Mishref
nm0666795,actor,David Paul
nm0666947,actor,Peter Paul
nm0000246,actor,Bruce Willis
nm0532536,actor,Piotr Machalica
nm0853182,actor,Shone Taylor
nm0546735,actor,William Margold
nm0625981,actor,Rex Nemo
nm0082653,actor,Bruno Bilotta
nm0689057,actor,Maurice Poli
nm0664203,actor,Michael Pas
nm0000243,actor,Denzel Washington
nm0000551,actor,Dermot Mulroney
nm0158649,actor,Sheng-Li Cho
nm0593711,actor,Sasha Mitchell
nm0520164,actor,Perry Lopez
nm0383482,actor,Ross Higgins
nm0199592,actor,Carlos Daniel
nm0617427,actor,Taneli Mäkelä
nm0375959,actor,David Hemblen
nm0839209,actor,Bjørn Sundquist
nm0000285,actor,Alec Baldwin
nm0000665,actor,D.B. Sweeney
nm0399437,actor,Antoine Hubert
nm0913370,actor,Rick Washburn
nm0409079,actor,J. Christian Ingvordsen
nm0881710,actor,Urbanus
nm0000929,actor,Corbin Bernsen
nm0474820,actor,Kiran Kumar
nm0451396,actor,Vinod Khanna
nm0846681,actor,Dalip Tahil
nm0000722,actor,Joss Ackland
nm0387322,actor,Ka-Kui Ho
nm0849257,actor,Alan Tang
nm0301330,actor,Jim Gaines
nm0900492,actor,Oldrich Vlach
nm0016642,actor,Gigio Alberti
nm0001617,actor,Lou Diamond Phillips
nm0259301,actor,Anders Eriksson
nm0259326,actor,Claes Eriksson
nm0013171,actor,Knut Agnred
nm0523821,actor,Olaf Lubaszenko
nm0840994,actor,Pertti Sveholm
nm0000185,actor,Dolph Lundgren
nm0177933,actor,Chris Cooper
nm0764669,actor,Tej Sapru
nm0158587,actor,Jacek Chmielnik
nm0209056,actor,Jorge de Juan
nm0158659,actor,Wing Cho
nm0000110,actor,Kenneth Branagh
nm0141697,actor,Jim Carter
nm0885707,actor,Lewis Van Bergen
nm0442479,actor,Satish Kaushik
nm0724604,actor,John Henry Richardson
nm0821734,actor,Frank Stallone
nm0013741,actor,Ramón Agirre
nm0275009,actor,Turi Ferro
nm0010799,actor,Buck Adams
nm0400484,actor,Brendan Hughes
nm0415016,actor,Scott Jacoby
nm0482567,actor,Ben Lam
nm0644430,actor,Frederick Offrein
nm0399685,actor,Mats Huddén
nm0000597,actor,Bill Pullman
nm0838689,actor,David Summers
nm0596703,actor,Javier Molina
nm0516310,actor,Ken Lo
nm0180580,actor,Jose Coronado
nm0578853,actor,Ben Mendelsohn
nm0159435,actor,Billy Chow
nm0273538,actor,Isidoro Fernández
nm0375534,actor,A.R. Hellquist
nm0397982,actor,Hoke Howell
nm0000286,actor,Stephen Baldwin
nm0046922,actor,Blake Bahner
nm0656801,actor,Didier Pain
nm0617775,actor,Alex Métayer
nm0159507,actor,Stephen Chow
nm0241325,actor,Vlatko Dulic
nm0498429,actor,Waise Lee
nm0000855,actor,Raymond J. Barry
nm0191997,actor,Eli Cummins
nm0824071,actor,Edward John Stazak
nm0724156,actor,James Richards
nm0639054,actor,François Négret
nm0120494,actor,Robert Z'Dar
nm0809770,actor,Robin Smith
nm0056965,actor,John Barrett
nm0001817,actor,Reginald VelJohnson
nm0000592,actor,Pete Postlethwaite
nm0632664,actor,Toshiyuki Nishida
nm0522287,actor,Buddy Love
nm0011058,actor,Jesse Adams
nm0261724,actor,Joe Estevez
nm0236711,actor,Billy Drago
nm0275913,actor,David Field
nm0945290,actor,Kôichi Yamadera
nm0157759,actor,Kar Lok Chin
nm0360815,actor,Gunnar Hansen
nm0899517,actor,Dorel Visan
nm0266996,actor,Semyon Farada
nm0876513,actor,Frans Tumbuan
nm0639153,actor,Finn Nørbygaard
nm0369270,actor,Jacob Haugaard
nm0415416,actor,Mahmoud Jafari
nm0659233,actor,Chunky Panday
nm0411757,actor,Takeshi Itô
nm0815250,actor,Kari Sorvali
nm0457900,actor,Mikko Kivinen
nm0665856,actor,Randy Spears
nm0394690,actor,Ryô Horikawa
nm0386391,actor,Masashi Hironaka
nm0812458,actor,Andrey Sokolov
nm0926970,actor,Cyril Wickramage
nm0150887,actor,Fai-Hung Chan
nm0709236,actor,Frank Ramírez
nm0231120,actor,Patrick Dollaghan
nm0711631,actor,Ahmed Rateb
nm0212921,actor,Rick Dean
nm0564805,actor,Tom McCamus
nm0234809,actor,Jon Dough
nm0449044,actor,Danny Keogh
nm0592491,actor,Evgeniy Mironov
nm0744107,actor,Kim Rossi Stuart
nm0018931,actor,George Alexandru
nm0025777,actor,Mircea Anca
nm0002064,actor,Giancarlo Esposito
nm0000514,actor,Michael Madsen
nm0939236,actor,Manfred Wong
nm0880748,actor,Johan Ulveson
nm0001525,actor,John C. McGinley
nm0510903,actor,Jimmy Lin
nm0846630,actor,Tomorô Taguchi
nm0875354,actor,Shin'ya Tsukamoto
nm0426666,actor,J.J. Johnston
nm0410010,actor,Scott Irish
nm0381695,actor,Pedro Hestnes
nm0233336,actor,Humberto Dorado
nm0454560,actor,Charles Klausmeyer
nm0827291,actor,Mark Kinsey Stephenson
nm0890495,actor,Razvan Vasilescu
nm0127631,actor,Simón Cabido
nm0352195,actor,Peter Haber
nm0763825,actor,Yos Santo
nm0117632,actor,Waggie Brömse
nm0864769,actor,Wai-To Chan
nm0874684,actor,Kenneth Tsang
nm0051282,actor,Aleksandr Baluev
nm0417687,actor,Davor Janjic
nm0909145,actor,Marc Wallice
nm0939209,actor,Kwong Leung Wong
nm0479772,actor,Henri Labussière
nm0000671,actor,Billy Bob Thornton
nm0304709,actor,Jack Kao
nm0935664,actor,Alex Winter
nm0299923,actor,Richard Gabai
nm0933310,actor,Don Wilson
nm0087593,actor,Billy Blanks
nm0900915,actor,Jürgen Vogel
nm0173353,actor,Marius Colucci
nm0482714,actor,Wilson Lam
nm0343472,actor,Paul Gross
nm0000093,actor,Brad Pitt
nm0003612,actor,Michael Man-Kin Chow
nm0001038,actor,Josh Charles
nm0816297,actor,Filip Sovagovic
nm0381857,actor,Charles Heung
nm0481709,actor,Leon Lai
nm0001834,actor,Damon Wayans
nm0609403,actor,Masahiro Motoki
nm0477209,actor,Aaron Kwok
nm0482656,actor,Man-Chung Lam
nm0008206,actor,Akbar Abdi
nm0474868,actor,Roopesh Kumar
nm0468540,actor,Frank Kowal III
nm0200922,actor,Steven Darancette
nm0734263,actor,Brad Rockhold
nm0192432,actor,Rob Cunningham
nm0939079,actor,Goon Chung Wong
nm0939172,actor,Ka-Kui Wong
nm0939181,actor,Kar-Keung Wong
nm0948146,actor,Sai-Wing Yip
nm0035007,actor,Dariush Arjmand
nm0610904,actor,Zoltán Mucsi
nm0649012,actor,Peter Oosthoek
nm0939431,actor,Yat-Fei Wong
nm0157741,actor,Frankie Chi-Leung Chan
nm0628877,actor,Collin Chou
nm0055549,actor,Christopher Daniel Barnes
nm0156564,actor,Yuk-San Cheung
nm0399012,actor,Kun-Hsuan Huang
nm0147794,actor,Giuseppe Cederna
nm0707618,actor,Viktor Rakov
nm0071179,actor,Francesco Benigno
nm0224294,actor,Alessandra Di Sanzo
nm0124632,actor,Andrzej Buszewicz
nm0000141,actor,David Duchovny
nm0650024,actor,Silvio Orlando
nm0582126,actor,Marc Messier
nm0903677,actor,Arnold Vosloo
nm0875275,actor,Elvis Tsui
nm0000228,actor,Kevin Spacey
nm0038961,actor,Makoto Ashikawa
nm0762965,actor,Shirô Sano
nm0896801,actor,Vesa Vierikko
nm0490513,actor,Ching Wan Lau
nm0269793,actor,Ron Fazio
nm0022658,actor,John Altamura
nm0172635,actor,Rick Collins
nm0847562,actor,Naoto Takenaka
nm0000346,actor,Macaulay Culkin
nm0666966,actor,Richard Joseph Paul
nm0004821,actor,Michael Chiklis
nm0150973,actor,Kenneth Chan
nm0150987,actor,Kwok-Pong Chan
nm0156533,actor,Nick Cheung
nm0467603,actor,Ying-Kin Kot
nm0452764,actor,Kaljo Kiisk
nm0150994,actor,Chit-Man Chan
nm0006795,actor,Salman Khan
nm0220724,actor,Mikhail Derzhavin
nm0663237,actor,Aldo Parodi
nm0661929,actor,Sang-min Park
nm0793790,actor,Hyeon-jun Shin
nm0146431,actor,Philippe Caubère
nm0584489,actor,Sean Michaels
nm0836965,actor,Barne Wms Subkoski
nm0000168,actor,Samuel L. Jackson
nm0556343,actor,Vladimir Mashkov
nm0862400,actor,Serge Thériault
nm0195750,actor,David D'Ingeo
nm0049121,actor,Håvard Bakke
nm0439586,actor,Tommy Karlsen
nm0126093,actor,Bill Byrge
nm0051777,actor,Gil Bandong
nm0013501,actor,Cris Aguilar
nm0015671,actor,Joseph Al
nm0020405,actor,Dave Allen
nm0031217,actor,Mike Anton
nm0000287,actor,William Baldwin
nm0191611,actor,Patrick Culliton
nm0000491,actor,John Leguizamo
nm0228678,actor,Andrew Divoff
nm0717212,actor,Christopher Reid
nm0552086,actor,Christopher Martin
nm0001454,actor,Martin Lawrence
nm0676014,actor,Aleksandr Peskov
nm0090604,actor,Igor Bochkin
nm0184080,actor,Brian Cousins
nm0387329,actor,Kenny Ho
nm0094625,actor,Jesús Bonilla
nm0346962,actor,Miguel Guilherme
nm0001177,actor,Chris Eigeman
nm0629737,actor,Taylor Nichols
nm0947153,actor,Fan Wei Yee
nm0266658,actor,Siu-Wong Fan
nm0482642,actor,King-Kong Lam
nm0646943,actor,Michael Oliver
nm0001015,actor,Robert Carlyle
nm0053863,actor,Richard Barboza
nm0272604,actor,Scott Ferguson
nm0723041,actor,Juan Ribó
nm0201695,actor,Oliver Darrow
nm0947698,actor,Nikolay Eryomenko
nm0578633,actor,Ricky Memphis
nm0865571,actor,Gianmarco Tognazzi
nm0121559,actor,Robert John Burke
nm0463570,actor,Pertti Koivula
nm0127255,actor,Klaus Büchner
nm0271136,actor,Andi Feldmann
nm0598940,actor,Tony Montana
nm0467601,actor,Eric Kot
nm0482963,actor,Jan Lamb
nm0910729,actor,Yeung-Ming Wan
nm0412917,actor,Javed Jaffrey
nm0073426,actor,Laxmikant Berde
nm0157748,actor,Ho Chin
nm0744599,actor,Hichem Rostom
nm0479745,actor,Marc Labrèche
nm0824348,actor,Jake Steed
nm0949237,actor,Aden Young
nm0176979,actor,Dale Cook
nm0624772,actor,Don Nakaya Neilsen
nm0579116,actor,Stephen Mendillo
nm0363055,actor,Harish
nm0059698,actor,Giulio Base
nm0184085,actor,Christian Cousins
nm0184102,actor,Joseph Cousins
nm0841552,actor,Arvind Swamy
nm0470182,actor,Brian Krause
nm0000437,actor,Woody Harrelson
nm0002743,actor,Daniel McVicar
nm0421716,actor,Tomas Villum Jensen
nm0509263,actor,Nikolaj Lie Kaas
nm0033740,actor,Wayne Archer
nm0104790,actor,Nick Brandon
nm0107985,actor,Steve Brettingham
nm0517885,actor,Peter Lohmeyer
nm0001602,actor,Guy Pearce
nm0086952,actor,Manuel Blanc
nm0482572,actor,Bowie Lam
nm0218272,actor,Vladislav Demchenko
nm0841242,actor,Mikhail Svetin
nm0406091,actor,Laus Høybye
nm0156509,actor,Kwok Leung Cheung
nm0001709,actor,Til Schweiger
nm0284016,actor,Shui-Wah Fok
nm0268724,actor,Antonello Fassari
nm0005300,actor,Allen Payne
nm0001674,actor,Chris Rock
nm0001590,actor,Chazz Palminteri
nm0059971,actor,Antoine Basler
nm0762790,actor,Mariusz Saniternik
nm0712546,actor,Paresh Rawal
nm0414979,actor,Dale Jacoby
nm0002396,actor,Scott Shaw
nm0474774,actor,Akshay Kumar
nm0014558,actor,Show Aikawa
nm0224882,actor,Lucky Dias
nm0673319,actor,H.A. Perera
nm0710129,actor,Peter Rangmar
nm0233027,actor,Martin Donovan
nm0351029,actor,Carmelo Gómez
nm0253216,actor,Karra Elejalde
nm0628726,actor,Ben Ng
nm0407336,actor,Kunihiro Ida
nm0489858,actor,Rolf Lassgård
nm0871590,actor,Michael Treanor
nm0805189,actor,Max Elliott Slade
nm0038355,actor,Tadanobu Asano
nm0444334,actor,Eric Kei
nm0792911,actor,Sunil Shetty
nm0318622,actor,Avtar Gill
nm0295823,actor,Arno Frisch
nm0150940,actor,Chao-jung Chen
nm0497642,actor,Kang-sheng Lee
nm0001772,actor,Patrick Stewart
nm0157395,actor,John Ching
nm0046269,actor,Sándor Badár
nm0844476,actor,András Szöke
nm0645860,actor,Frank Oladeinde
nm0272147,actor,Klaus Fenzl
nm0303220,actor,Tetteh Galloway
nm0521808,actor,Simon Lui
nm0601238,actor,Geoffrey Moore
nm0944578,actor,Xin Xin Xiong
nm0019427,actor,Ishrat Ali
nm0005202,actor,Eric McCormack
nm0371660,actor,Dennis Haysbert
nm0045937,actor,Michael Badalucco
nm0878155,actor,Nicholas Turturro
nm0974484,actor,Kwok-Lun Lee
nm0063773,actor,Dave Bean
nm0612064,actor,Jody Mullenax
nm0000641,actor,Gary Sinise
nm0251656,actor,Gard B. Eidsvold
nm0369513,actor,Cole Hauser
nm0668640,actor,Cezary Pazura
nm0621937,actor,Nassar
nm0453571,actor,Kenneth H. Kim
nm0413470,actor,Douglas Robert Jackson
nm0000354,actor,Matt Damon
nm0951420,actor,William Zabka
nm0076523,actor,Michael Bernardo
nm0580725,actor,Jalal Merhi
nm0485950,actor,Sihung Lung
nm0100556,actor,Raoul Bova
nm0434958,actor,Kalevi Kahra
nm0000196,actor,Mike Myers
nm0490608,actor,Sek-Ming Lau
nm0155562,actor,Ekin Cheng
nm0202516,actor,Ricky Davao
nm0215856,actor,Monsour Del Rosario
nm0001650,actor,Michael Rapaport
nm0180984,actor,Kevin Corrigan
nm0451604,actor,Farhad Kheradmand
nm0722089,actor,Hossein Rezai
nm0451307,actor,Saif Ali Khan
nm0046894,actor,Mohnish Bahl
nm0956956,actor,Luca Zingaretti
nm0029962,actor,Álex Angulo
nm0000849,actor,Javier Bardem
nm0628770,actor,Hugo Ng
nm0505323,actor,Johnny Lever
nm0451321,actor,Shah Rukh Khan
nm0960033,actor,Akio Ôtsuka
nm0424800,actor,Clark Johnson
nm0156739,actor,Richard Chevolleau
nm0387141,actor,Niklas Hjulström
nm0158414,actor,Wenzhuo Zhao
nm0057436,actor,Mark Barriere
nm0574337,actor,Chad McQueen
nm0725284,actor,Jason James Richter
nm0511409,actor,Sven Lindberg
nm0427937,actor,Dingo Jones
nm0213596,actor,Brady Debussey
nm0940148,actor,Paul Woodard
nm0152061,actor,Winston Chao
nm0510533,actor,Giong Lim
nm0408054,actor,Adel Emam
nm0783839,actor,Willy Semler
nm0224403,actor,Lam Ibrahim Dia
nm0610206,actor,Tallou Mouzourane
nm0217431,actor,Michael Della Femina
nm0312710,actor,Steve Gendron
nm0011990,actor,Yigal Adika
nm0017133,actor,Mosko Alkalai
nm0468003,actor,Hubert Koundé
nm0440913,actor,Mathieu Kassovitz
nm0001993,actor,Vincent Cassel
nm0087992,actor,Filip Blazek
nm0354653,actor,Hakuryû
nm0463581,actor,Timo Koivusalo
nm0472029,actor,Rafal Królikowski
nm0455810,actor,Santeri Kinnunen
nm0013158,actor,Atul Agnihotri
nm0000138,actor,Leonardo DiCaprio
nm0047578,actor,Yves Baillat
nm0486456,actor,Richard Langin
nm0065007,actor,Demián Bichir
nm0034725,actor,Rodolfo Arias
nm0620737,actor,Kiyotaka Nanbara
nm0437630,actor,Kar-Ying Law
nm0000394,actor,Chris Farley
nm0437580,actor,Takeshi Kaneshiro
nm0147592,actor,Massimo Ceccherini
nm0243355,actor,Albert Dupontel
nm0150783,actor,Alexander Chan
nm0461109,actor,Trenton Knight
nm0436329,actor,Chao-Chun Chin
nm0149260,actor,Alain Chabat
nm0268543,actor,Dominique Farrugia
nm0943149,actor,Nicky Wu
nm0421709,actor,Todd Jensen
nm0150952,actor,Jordan Chan
nm0151045,actor,Moses Chan
nm0041253,actor,Bobbie Au-Yeung
nm0874865,actor,Miu Tse
nm0005435,actor,Sinbad
nm0367005,actor,Phil Hartman
nm0938990,actor,Chi Wah Wong
nm0525240,actor,Daniel Lugo
nm0602630,actor,Jacobo Morales
nm0176412,actor,Paolo Conticini
nm0525308,actor,Jackie Chung-yin Lui
nm0000741,actor,Tim Allen
nm0000191,actor,Ewan McGregor
nm0000408,actor,Jonathan Frakes
nm0174082,actor,Jean-Henri Compère
nm0290716,actor,Noe Francq
nm0314305,actor,Tom Gerhardt
nm0845609,actor,Hilmi Sözer
nm0284015,actor,Shao-Wen Hao
nm0797679,actor,Ashton Chen
nm0170550,actor,Gary Cole
nm0569458,actor,Michael McGlone
nm0122653,actor,Edward Burns
nm0603173,actor,Miroslav Moravec
nm0782213,actor,Santiago Segura
nm0446225,actor,Brian Kelly
nm0438503,actor,Sanjay Kapoor
nm0660266,actor,Rocco Papaleo
nm0682251,actor,Leonardo Pieraccioni
nm0608214,actor,Ali Mosaffa
nm0610565,actor,Majid Mozaffari
nm0704708,actor,Johan Rabaeus
nm0452742,actor,Staffan Kihlbom Thor
nm0005450,actor,David Spade
nm0155577,actor,Joe Cheng
nm0083534,actor,Hemant Birje
nm0131008,actor,Chiquito de la Calzada
nm0788788,actor,Mohamad Reza Sharifinia
nm0437141,actor,Hiroshi Kanbe
nm0000255,actor,Ben Affleck
nm0286803,actor,Malte Forsberg
nm0826549,actor,Totte Steneby
nm0259361,actor,Kalle Eriksson
nm0283345,actor,Jonathan Flumee
nm0322870,actor,Fredrik Glimskär
nm0937202,actor,Kevin Wixted
nm0111941,actor,David Brooks
nm0488917,actor,Thomas Bo Larsen
nm0377580,actor,Bjarne Henriksen
nm0111926,actor,Conrad Brooks
nm0336797,actor,Mackenzie Gray
nm0368015,actor,Ahmad Hashemi
